"Article_ID","cleaned_text","word_count"
1,"world leader gather annual climate summit discuss urgent measure reduce carbon emission conference focus sustainable energy solution international cooperation combat global warm agreement reach fund green technology",27
2,"economic analyst revise growth forecast develop nation follow trade datum asian market show strong performance despite global economic challenge expert predict continue growth technology manufacture sector",26
3,"recent advancement medical technology transform healthcare system worldwide treatment chronic disease digital health solution improve patient outcome hospital adopt drive diagnostics good accuracy",23
4,"diplomatic talk major power continue address ongoing international conflict peace negotiation underway several region mediator work towards sustainable solution unite nation call increase humanitarian aid",25
5,"artificial intelligence continue advance rapidly application across various industry however ethical consideration regard implementation remain important discussion topic expert emphasize need regulatory framework",23
6,"government worldwide implement environmental policy aim reduce carbon emission policy include incentive renewable energy adoption strict regulation industrial pollution environmental group welcome change",23
7,"stock market experience significant volatility week amid ongoing economic uncertainty investor react change interest rate geopolitical tension financial expert advise cautious investment strategy",23
8,"medical researcher announce breakthrough cancer treatment show promise result clinical trial therapy target specific cancer cell minimize side effect development offer hope million patient worldwide",25
9,"recent political election several country bring significant change government leadership administration promise economic reform improve international relation voter turnout reach record level many region",24
10,"lead technology company unveil major innovation annual tech conference product include advance system quantum compute development sustainable technology solution industry leader discuss future trend",24
