"Article_ID","Title","Category","Article_Text","Date"
1,"Global Climate Summit Reaches Historic Agreement","Environment","World leaders have reached a historic agreement at the global climate summit. The new pact commits nations to reduce carbon emissions by 50% before 2030. Significant funding has been allocated for renewable energy projects and sustainable development initiatives across developing countries.",2026-01-05
2,"Economic Markets Show Strong Recovery Signs","Economics","Global economic markets are showing strong signs of recovery after months of volatility. Stock indices have risen by 15% this quarter, with technology and green energy sectors leading the growth. Analysts predict continued expansion despite inflationary pressures.",2026-01-05
3,"Breakthrough in Cancer Research Announced","Health","Medical researchers have announced a major breakthrough in cancer treatment. The new therapy, which uses targeted genetic approaches, has shown 80% effectiveness in clinical trials. This development could revolutionize oncology treatments worldwide.",2026-01-05
4,"International Diplomatic Talks Yield Progress","Politics","International diplomatic talks have yielded significant progress on multiple fronts. Negotiations have resulted in new trade agreements and conflict resolution frameworks. The United Nations has praised the collaborative efforts of participating nations.",2026-01-05
5,"Artificial Intelligence Ethics Framework Developed","Technology","Technology leaders have jointly developed a comprehensive ethical framework for artificial intelligence development. The guidelines address privacy concerns, algorithmic bias, and responsible AI deployment across various industries.",2026-01-05
6,"Renewable Energy Investments Reach Record High","Environment","Global investments in renewable energy have reached a record high of $500 billion this year. Solar and wind energy projects account for the majority of new installations. Governments are offering increased incentives for clean energy adoption.",2026-01-05
7,"Central Banks Adjust Interest Rates Worldwide","Economics","Central banks around the world are adjusting interest rates in response to changing economic conditions. The coordinated effort aims to control inflation while supporting economic growth. Financial experts are monitoring the impacts closely.",2026-01-05
8,"New Vaccine Shows Promising Results in Trials","Health","Clinical trials for a new vaccine have shown promising results with 95% effectiveness. The vaccine targets a range of viral strains and could be available for distribution within months. Health organizations are preparing for widespread deployment.",2026-01-05
9,"Political Elections Bring Change Across Regions","Politics","Recent political elections have brought significant changes to government leadership in several regions. New administrations are focusing on economic reforms, healthcare improvements, and environmental policies.",2026-01-05
10,"Cybersecurity Threats Increase During Pandemic","Technology","Cybersecurity threats have increased dramatically during the pandemic, with a 300% rise in attacks. Organizations are investing heavily in security infrastructure and employee training to protect sensitive data.",2026-01-05
11,"Ocean Conservation Efforts Gain Momentum","Environment","Ocean conservation efforts are gaining momentum with new international agreements. Countries are committing to reduce plastic pollution and protect marine ecosystems. Conservation groups are celebrating these important steps forward.",2026-01-05
12,"Global Supply Chain Issues Persist","Economics","Global supply chain issues continue to persist, affecting multiple industries. Companies are implementing new strategies to increase resilience, including diversifying suppliers and increasing inventory levels.",2026-01-05
13,"Mental Health Awareness Campaigns Expand","Health","Mental health awareness campaigns are expanding worldwide, with increased funding for support services. Schools and workplaces are implementing new programs to address mental health challenges.",2026-01-05
14,"Space Exploration Missions Advance","Technology","Space exploration missions are advancing with new discoveries about our solar system. Private companies and government agencies are collaborating on ambitious projects for lunar and Martian exploration.",2026-01-05
15,"Digital Currency Regulations Being Discussed","Economics","Governments worldwide are discussing regulations for digital currencies. The focus is on balancing innovation with consumer protection and financial stability. New frameworks are expected to be announced next year.",2026-01-05
